data_size,json_serialize_time,csv_serialize_time,json_deserialize_time,csv_deserialize_time,json_size,csv_size,json_push_time,csv_push_time,json_pop_time,csv_pop_time
100,0.5308151245117188,1.7982959747314453,1.2540340423583984,0.7904052734375,14115,6065,1.3172626495361328,1.0786851247151692,1.801888147989909,1.169761021931966
500,2.806425094604492,3.587961196899414,2.4843692779541016,1.1190414428710938,70284,30234,3.5059452056884766,2.730766932169596,3.274679183959961,1.1903444925944011
1000,5.362749099731445,6.4727783203125,4.365825653076172,1.5935897827148438,140481,60432,6.82218869527181,6.177584330240886,4.83242670694987,2.6176770528157554
5000,27.342510223388672,26.691484451293945,17.088651657104492,5.17878532409668,702308,302259,33.37796529134115,26.651700337727863,22.2775936126709,10.495424270629883
10000,53.38878631591797,51.48639678955078,32.77297019958496,7.408761978149414,1404643,604595,63.98320198059082,52.38604545593262,49.99891916910807,23.099819819132488
