data_size,json_serialize_time,csv_serialize_time,json_deserialize_time,csv_deserialize_time,json_size,csv_size,json_push_time,csv_push_time,json_pop_time,csv_pop_time
100,1.9977569580078127,2.292013168334961,2.5527000427246094,1.2104034423828125,15829,6729,1.7971992492675781,1.3581911722819011,2.266565958658854,1.287698745727539
500,3.605365753173828,3.731393814086914,2.7061939239501953,1.1330127716064453,79175,33675,4.1510264078776045,3.833293914794922,3.1586488087972007,1.7890135447184246
1000,6.767940521240234,6.425189971923828,4.86907958984375,1.6957759857177734,158327,67327,7.625738779703776,6.934007008870442,6.028095881144206,2.4433135986328125
5000,30.562162399291992,25.59809684753418,21.673250198364258,5.529356002807617,791885,336885,39.55491383870443,36.24542554219564,34.526824951171875,11.341571807861328
10000,61.25783920288086,58.02497863769531,37.1617317199707,8.451175689697266,1583417,673417,73.393980662028,67.76611010233562,58.91299247741699,24.300495783487957
100000,582.5087070465088,550.167989730835,389.4303798675537,76.74503326416016,15834257,6734257,791.2702560424805,681.7912260691324,611.9457880655924,216.75284703572592
1000000,6517.404651641846,5434.3663692474365,5952.097463607788,715.3695106506348,158344842,67344842,7434.513409932454,6936.943054199219,6358.965714772542,2422.531763712565
