batch_size,json_push_time,csv_push_time,json_pop_time,csv_pop_time,json_push_ops,csv_push_ops,json_pop_ops,csv_pop_ops
1,186223.96612167358,547001.1358261108,1017224.6949672699,663153.2869338989,5369.8781141124855,1828.149768811258,983.0669712871804,1507.9469855657624
10,24913.600206375122,68968.4190750122,105345.91102600098,68332.9930305481,40138.719081801384,14499.389915148971,9492.53739666445,14634.219220471618
100,3629.0199756622314,15537.91618347168,15147.839069366455,8599.987983703613,275556.4881721319,64358.694447312126,66016.01689988274,116279.23223787421
1000,2734.421968460083,7085.0818157196045,5951.210021972656,2141.6590213775635,365708.003934433,141141.63054282725,168033.0548422703,466927.73687044607
10000,2243.542194366455,5408.748149871826,4156.6407680511475,1104.846715927124,445723.73210140853,184885.66527611337,240578.88468164467,905102.9301932235
